,GO aspect,GO term,GOid,SNP count,rest SNP count,all count,rest all count,oddsratio,pvalue
0,Gene ontology (biological process),C4-dicarboxylate transport,GO:0015740,1,16,0.0,834.0,inf,0.019976498237377342
1,Gene ontology (biological process),DNA metabolic process,GO:0006259,1,16,51.0,783.0,0.9595588235294118,0.6612225306336141
2,Gene ontology (biological process),DNA repair,GO:0006281,1,16,32.0,802.0,1.56640625,0.49281525026684037
3,Gene ontology (biological process),L-serine metabolic process,GO:0006563,1,16,4.0,830.0,12.96875,0.09618809851619162
4,Gene ontology (biological process),NAD biosynthetic process,GO:0009435,1,16,4.0,830.0,12.96875,0.09618809851619162
5,Gene ontology (biological process),RNA biosynthetic process,GO:0032774,1,16,46.0,788.0,1.0706521739130435,0.6229158960216913
6,Gene ontology (biological process),RNA metabolic process,GO:0016070,1,16,113.0,721.0,0.398783185840708,0.9154220470009123
7,Gene ontology (biological process),acidic amino acid transport,GO:0015800,1,16,0.0,834.0,inf,0.019976498237377342
8,Gene ontology (biological process),alpha-amino acid biosynthetic process,GO:1901607,1,16,61.0,773.0,0.7920081967213115,0.7271159032373689
9,Gene ontology (biological process),alpha-amino acid catabolic process,GO:1901606,1,16,5.0,829.0,10.3625,0.11434980339238798
10,Gene ontology (biological process),alpha-amino acid metabolic process,GO:1901605,2,15,80.0,754.0,1.2566666666666666,0.49941348255720136
11,Gene ontology (biological process),amide biosynthetic process,GO:0043604,1,16,100.0,734.0,0.45875,0.885774946773449
12,Gene ontology (biological process),amine biosynthetic process,GO:0009309,1,16,5.0,829.0,10.3625,0.11434980339238798
13,Gene ontology (biological process),amine metabolic process,GO:0009308,1,16,5.0,829.0,10.3625,0.11434980339238798
14,Gene ontology (biological process),amino acid transmembrane transport,GO:0003333,1,16,0.0,834.0,inf,0.019976498237377342
15,Gene ontology (biological process),amino acid transport,GO:0006865,1,16,0.0,834.0,inf,0.019976498237377342
16,Gene ontology (biological process),anion transmembrane transport,GO:0098656,2,15,2.0,832.0,55.46666666666667,0.002203349396813237
17,Gene ontology (biological process),anion transport,GO:0006820,2,15,3.0,831.0,36.93333333333333,0.0036290483642587965
18,Gene ontology (biological process),arginine catabolic process,GO:0006527,1,16,0.0,834.0,inf,0.019976498237377342
19,Gene ontology (biological process),arginine metabolic process,GO:0006525,1,16,9.0,825.0,5.729166666666667,0.18361833220074067
20,Gene ontology (biological process),aromatic compound biosynthetic process,GO:0019438,4,13,204.0,630.0,0.9502262443438914,0.6289366827823804
21,Gene ontology (biological process),aspartate transmembrane transport,GO:0015810,1,16,0.0,834.0,inf,0.019976498237377342
22,Gene ontology (biological process),biological regulation,GO:0065007,1,16,72.0,762.0,0.6614583333333334,0.7855881428361615
23,Gene ontology (biological process),biological_process,GO:0008150,17,0,833.0,1.0,inf,0.9800235017632465
24,Gene ontology (biological process),biosynthetic process,GO:0009058,10,7,442.0,392.0,1.2669683257918551,0.4109280688148593
25,Gene ontology (biological process),carbohydrate biosynthetic process,GO:0016051,2,15,22.0,812.0,4.921212121212121,0.08011614075062164
26,Gene ontology (biological process),carbohydrate derivative biosynthetic process,GO:1901137,1,16,89.0,745.0,0.5231741573033708,0.853305361150852
27,Gene ontology (biological process),carbohydrate derivative metabolic process,GO:1901135,2,15,125.0,709.0,0.7562666666666666,0.7477687490144687
28,Gene ontology (biological process),carbohydrate metabolic process,GO:0005975,2,15,61.0,773.0,1.6896174863387978,0.362578719475549
29,Gene ontology (biological process),carbohydrate transport,GO:0008643,1,16,8.0,826.0,6.453125,0.1667959220766045
30,Gene ontology (biological process),carboxylic acid biosynthetic process,GO:0046394,1,16,91.0,743.0,0.5103021978021978,0.8597904025200236
31,Gene ontology (biological process),carboxylic acid catabolic process,GO:0046395,1,16,9.0,825.0,5.729166666666667,0.18361833220074067
32,Gene ontology (biological process),carboxylic acid metabolic process,GO:0019752,2,15,159.0,675.0,0.5660377358490566,0.862145289921445
33,Gene ontology (biological process),carboxylic acid transmembrane transport,GO:1905039,1,16,0.0,834.0,inf,0.019976498237377342
34,Gene ontology (biological process),carboxylic acid transport,GO:0046942,1,16,0.0,834.0,inf,0.019976498237377342
35,Gene ontology (biological process),catabolic process,GO:0009056,1,16,47.0,787.0,1.0465425531914894,0.6308890673744079
36,Gene ontology (biological process),cellular amide metabolic process,GO:0043603,1,16,111.0,723.0,0.40709459459459457,0.9113894345669481
37,Gene ontology (biological process),cellular amine metabolic process,GO:0044106,1,16,5.0,829.0,10.3625,0.11434980339238798
38,Gene ontology (biological process),cellular amino acid biosynthetic process,GO:0008652,1,16,71.0,763.0,0.6716549295774648,0.780804676207241
39,Gene ontology (biological process),cellular amino acid catabolic process,GO:0009063,1,16,5.0,829.0,10.3625,0.11434980339238798
40,Gene ontology (biological process),cellular amino acid metabolic process,GO:0006520,2,15,112.0,722.0,0.8595238095238096,0.688082140047745
41,Gene ontology (biological process),cellular aromatic compound metabolic process,GO:0006725,5,12,338.0,496.0,0.611439842209073,0.8816107030589756
42,Gene ontology (biological process),cellular biogenic amine biosynthetic process,GO:0042401,1,16,5.0,829.0,10.3625,0.11434980339238798
43,Gene ontology (biological process),cellular biogenic amine metabolic process,GO:0006576,1,16,5.0,829.0,10.3625,0.11434980339238798
44,Gene ontology (biological process),cellular biosynthetic process,GO:0044249,10,7,420.0,414.0,1.4081632653061225,0.3287324864470991
45,Gene ontology (biological process),cellular carbohydrate biosynthetic process,GO:0034637,1,16,6.0,828.0,8.625,0.1321676179985936
46,Gene ontology (biological process),cellular carbohydrate metabolic process,GO:0044262,1,16,12.0,822.0,4.28125,0.23218805251159402
47,Gene ontology (biological process),cellular catabolic process,GO:0044248,1,16,28.0,806.0,1.7991071428571428,0.4485107229165073
48,Gene ontology (biological process),cellular component organization,GO:0016043,1,16,50.0,784.0,0.98,0.6538672088214172
49,Gene ontology (biological process),cellular component organization or biogenesis,GO:0071840,1,16,70.0,764.0,0.6821428571428572,0.7759209009718758
50,Gene ontology (biological process),cellular glucan metabolic process,GO:0006073,1,16,3.0,831.0,17.3125,0.07767628848576644
51,Gene ontology (biological process),cellular ketone metabolic process,GO:0042180,1,16,6.0,828.0,8.625,0.1321676179985936
52,Gene ontology (biological process),cellular macromolecule biosynthetic process,GO:0034645,3,14,171.0,663.0,0.8308270676691729,0.7087514512633387
53,Gene ontology (biological process),cellular macromolecule metabolic process,GO:0044260,4,13,248.0,586.0,0.7270471464019851,0.7909279015814676
54,Gene ontology (biological process),cellular metabolic process,GO:0044237,12,5,651.0,183.0,0.6746543778801843,0.8488532559998654
55,Gene ontology (biological process),cellular nitrogen compound biosynthetic process,GO:0044271,6,11,281.0,553.0,1.0734390164995147,0.5369563458219513
56,Gene ontology (biological process),cellular nitrogen compound metabolic process,GO:0034641,7,10,408.0,426.0,0.7308823529411764,0.8093967591918311
57,Gene ontology (biological process),cellular polysaccharide biosynthetic process,GO:0033692,1,16,6.0,828.0,8.625,0.1321676179985936
58,Gene ontology (biological process),cellular polysaccharide metabolic process,GO:0044264,1,16,6.0,828.0,8.625,0.1321676179985936
59,Gene ontology (biological process),cellular process,GO:0009987,14,3,743.0,91.0,0.5715567519066846,0.8920916344287295
60,Gene ontology (biological process),cellular protein metabolic process,GO:0044267,2,15,113.0,721.0,0.8507374631268436,0.6930176061413647
61,Gene ontology (biological process),cellular protein modification process,GO:0006464,1,16,25.0,809.0,2.0225,0.4129188574241877
62,Gene ontology (biological process),cellular response to DNA damage stimulus,GO:0006974,1,16,33.0,801.0,1.5170454545454546,0.5033557646253617
63,Gene ontology (biological process),cellular response to stimulus,GO:0051716,1,16,46.0,788.0,1.0706521739130435,0.6229158960216913
64,Gene ontology (biological process),cellular response to stress,GO:0033554,1,16,34.0,800.0,1.4705882352941178,0.5136898552029813
65,Gene ontology (biological process),chlorophyll biosynthetic process,GO:0015995,1,16,14.0,820.0,3.6607142857142856,0.263042575501043
66,Gene ontology (biological process),chlorophyll metabolic process,GO:0015994,1,16,15.0,819.0,3.4125,0.2780285518365629
67,Gene ontology (biological process),chromosome organization,GO:0051276,1,16,7.0,827.0,7.383928571428571,0.14964765412915448
68,Gene ontology (biological process),coenzyme A biosynthetic process,GO:0015937,1,16,3.0,831.0,17.3125,0.07767628848576644
69,Gene ontology (biological process),coenzyme A metabolic process,GO:0015936,1,16,3.0,831.0,17.3125,0.07767628848576644
70,Gene ontology (biological process),cysteine biosynthetic process,GO:0019344,1,16,2.0,832.0,26.0,0.058808053713505844
71,Gene ontology (biological process),cysteine biosynthetic process from serine,GO:0006535,1,16,2.0,832.0,26.0,0.058808053713505844
72,Gene ontology (biological process),cysteine metabolic process,GO:0006534,1,16,6.0,828.0,8.625,0.1321676179985936
73,Gene ontology (biological process),dicarboxylic acid transport,GO:0006835,1,16,0.0,834.0,inf,0.019976498237377342
74,Gene ontology (biological process),electron transport chain,GO:0022900,1,16,18.0,816.0,2.8333333333333335,0.3212841141811386
75,Gene ontology (biological process),energy derivation by oxidation of organic compounds,GO:0015980,1,16,16.0,818.0,3.1953125,0.29272737173909263
76,Gene ontology (biological process),energy reserve metabolic process,GO:0006112,1,16,2.0,832.0,26.0,0.058808053713505844
77,Gene ontology (biological process),establishment of localization,GO:0051234,3,14,71.0,763.0,2.3028169014084505,0.1778665379442066
78,Gene ontology (biological process),gene expression,GO:0010467,2,15,176.0,658.0,0.4984848484848485,0.9005831788478526
79,Gene ontology (biological process),generation of precursor metabolites and energy,GO:0006091,2,15,52.0,782.0,2.005128205128205,0.2940645672476991
80,Gene ontology (biological process),glucan biosynthetic process,GO:0009250,1,16,3.0,831.0,17.3125,0.07767628848576644
81,Gene ontology (biological process),glucan metabolic process,GO:0044042,1,16,3.0,831.0,17.3125,0.07767628848576644
82,Gene ontology (biological process),glutamine family amino acid catabolic process,GO:0009065,1,16,0.0,834.0,inf,0.019976498237377342
83,Gene ontology (biological process),glutamine family amino acid metabolic process,GO:0009064,1,16,25.0,809.0,2.0225,0.4129188574241877
84,Gene ontology (biological process),glycogen biosynthetic process,GO:0005978,1,16,2.0,832.0,26.0,0.058808053713505844
85,Gene ontology (biological process),glycogen metabolic process,GO:0005977,1,16,2.0,832.0,26.0,0.058808053713505844
86,Gene ontology (biological process),glycosyl compound metabolic process,GO:1901657,1,16,15.0,819.0,3.4125,0.2780285518365629
87,Gene ontology (biological process),guanosine tetraphosphate metabolic process,GO:0015969,1,16,0.0,834.0,inf,0.019976498237377342
88,Gene ontology (biological process),guanosine-containing compound metabolic process,GO:1901068,1,16,1.0,833.0,52.0625,0.0395769682725905
89,Gene ontology (biological process),heterocycle biosynthetic process,GO:0018130,4,13,205.0,629.0,0.9440900562851783,0.6332264976511371
90,Gene ontology (biological process),heterocycle metabolic process,GO:0046483,5,12,338.0,496.0,0.611439842209073,0.8816107030589756
91,Gene ontology (biological process),hydrogen sulfide biosynthetic process,GO:0070814,1,16,1.0,833.0,52.0625,0.0395769682725905
92,Gene ontology (biological process),hydrogen sulfide metabolic process,GO:0070813,1,16,1.0,833.0,52.0625,0.0395769682725905
93,Gene ontology (biological process),inorganic anion transmembrane transport,GO:0098661,1,16,2.0,832.0,26.0,0.058808053713505844
94,Gene ontology (biological process),inorganic anion transport,GO:0015698,1,16,3.0,831.0,17.3125,0.07767628848576644
95,Gene ontology (biological process),inorganic ion transmembrane transport,GO:0098660,1,16,12.0,822.0,4.28125,0.23218805251159402
96,Gene ontology (biological process),ion transmembrane transport,GO:0034220,2,15,12.0,822.0,9.133333333333333,0.02969826683733208
97,Gene ontology (biological process),ion transport,GO:0006811,2,15,24.0,810.0,4.5,0.09216500696872569
98,Gene ontology (biological process),ketone biosynthetic process,GO:0042181,1,16,5.0,829.0,10.3625,0.11434980339238798
99,Gene ontology (biological process),light-independent chlorophyll biosynthetic process,GO:0036068,1,16,3.0,831.0,17.3125,0.07767628848576644
100,Gene ontology (biological process),localization,GO:0051179,3,14,71.0,763.0,2.3028169014084505,0.1778665379442066
101,Gene ontology (biological process),macromolecule biosynthetic process,GO:0009059,3,14,174.0,660.0,0.812807881773399,0.7208491512179237
102,Gene ontology (biological process),macromolecule metabolic process,GO:0043170,4,13,300.0,534.0,0.5476923076923077,0.9098966210526677
103,Gene ontology (biological process),macromolecule modification,GO:0043412,1,16,47.0,787.0,1.0465425531914894,0.6308890673744079
104,Gene ontology (biological process),metabolic process,GO:0008152,14,3,725.0,109.0,0.7016091954022988,0.8253031513647946
105,Gene ontology (biological process),methylation,GO:0032259,2,15,25.0,809.0,4.314666666666667,0.09838568770486018
106,Gene ontology (biological process),nicotinamide nucleotide biosynthetic process,GO:0019359,1,16,6.0,828.0,8.625,0.1321676179985936
107,Gene ontology (biological process),nicotinamide nucleotide metabolic process,GO:0046496,1,16,7.0,827.0,7.383928571428571,0.14964765412915448
108,Gene ontology (biological process),nitrogen compound metabolic process,GO:0006807,9,8,531.0,303.0,0.6419491525423728,0.8766996960165699
109,Gene ontology (biological process),nitrogen compound transport,GO:0071705,1,16,21.0,813.0,2.419642857142857,0.3620918789977732
110,Gene ontology (biological process),nucleic acid metabolic process,GO:0090304,1,16,160.0,674.0,0.26328125,0.9727604589293172
111,Gene ontology (biological process),nucleic acid-templated transcription,GO:0097659,1,16,43.0,791.0,1.1497093023255813,0.5980126654316459
112,Gene ontology (biological process),nucleobase-containing compound biosynthetic process,GO:0034654,3,14,124.0,710.0,1.226958525345622,0.47772250564102
113,Gene ontology (biological process),nucleobase-containing compound metabolic process,GO:0006139,4,13,251.0,583.0,0.7146797425681888,0.7998719781200505
114,Gene ontology (biological process),nucleobase-containing small molecule metabolic process,GO:0055086,3,14,94.0,740.0,1.6869300911854104,0.30456025483826443
115,Gene ontology (biological process),nucleoside bisphosphate biosynthetic process,GO:0033866,1,16,9.0,825.0,5.729166666666667,0.18361833220074067
116,Gene ontology (biological process),nucleoside bisphosphate metabolic process,GO:0033865,2,15,9.0,825.0,12.222222222222221,0.01859468948294809
117,Gene ontology (biological process),nucleoside metabolic process,GO:0009116,1,16,15.0,819.0,3.4125,0.2780285518365629
118,Gene ontology (biological process),nucleoside phosphate biosynthetic process,GO:1901293,2,15,62.0,772.0,1.6602150537634408,0.37009987309501347
119,Gene ontology (biological process),nucleoside phosphate metabolic process,GO:0006753,3,14,76.0,758.0,2.137218045112782,0.203952765908335
120,Gene ontology (biological process),nucleotide biosynthetic process,GO:0009165,2,15,62.0,772.0,1.6602150537634408,0.37009987309501347
121,Gene ontology (biological process),nucleotide metabolic process,GO:0009117,3,14,75.0,759.0,2.1685714285714286,0.19865100883290404
122,Gene ontology (biological process),nucleotide-excision repair,GO:0006289,1,16,4.0,830.0,12.96875,0.09618809851619162
123,Gene ontology (biological process),"nucleotide-excision repair, DNA damage recognition",GO:0000715,1,16,0.0,834.0,inf,0.019976498237377342
124,Gene ontology (biological process),organelle organization,GO:0006996,1,16,11.0,823.0,4.676136363636363,0.2163087299963719
125,Gene ontology (biological process),organic acid biosynthetic process,GO:0016053,1,16,91.0,743.0,0.5103021978021978,0.8597904025200236
126,Gene ontology (biological process),organic acid catabolic process,GO:0016054,1,16,9.0,825.0,5.729166666666667,0.18361833220074067
127,Gene ontology (biological process),organic acid metabolic process,GO:0006082,2,15,160.0,674.0,0.5616666666666666,0.8647102793466135
128,Gene ontology (biological process),organic acid transmembrane transport,GO:1903825,1,16,0.0,834.0,inf,0.019976498237377342
129,Gene ontology (biological process),organic acid transport,GO:0015849,1,16,1.0,833.0,52.0625,0.0395769682725905
130,Gene ontology (biological process),organic anion transport,GO:0015711,1,16,0.0,834.0,inf,0.019976498237377342
131,Gene ontology (biological process),organic cyclic compound biosynthetic process,GO:1901362,4,13,215.0,619.0,0.8858676207513417,0.6746708026991742
132,Gene ontology (biological process),organic cyclic compound metabolic process,GO:1901360,5,12,348.0,486.0,0.5818965517241379,0.8999828212515254
133,Gene ontology (biological process),organic substance biosynthetic process,GO:1901576,9,8,429.0,405.0,1.062062937062937,0.5493896169987667
134,Gene ontology (biological process),organic substance catabolic process,GO:1901575,1,16,47.0,787.0,1.0465425531914894,0.6308890673744079
135,Gene ontology (biological process),organic substance metabolic process,GO:0071704,11,6,630.0,204.0,0.5936507936507937,0.9010620372707867
136,Gene ontology (biological process),organic substance transport,GO:0071702,2,15,28.0,806.0,3.8380952380952382,0.11775133897297801
137,Gene ontology (biological process),organonitrogen compound biosynthetic process,GO:1901566,6,11,306.0,528.0,0.9411764705882353,0.6373234026711776
138,Gene ontology (biological process),organonitrogen compound catabolic process,GO:1901565,1,16,22.0,812.0,2.3068181818181817,0.37517322767961403
139,Gene ontology (biological process),organonitrogen compound metabolic process,GO:1901564,8,9,380.0,454.0,1.0619883040935671,0.5460817809745536
140,Gene ontology (biological process),organophosphate biosynthetic process,GO:0090407,2,15,88.0,746.0,1.1303030303030304,0.5520398612318391
141,Gene ontology (biological process),organophosphate metabolic process,GO:0019637,3,14,112.0,722.0,1.3813775510204083,0.4092283057385072
142,Gene ontology (biological process),oxidation-reduction process,GO:0055114,3,14,42.0,792.0,4.040816326530612,0.05583793371184704
143,Gene ontology (biological process),oxoacid metabolic process,GO:0043436,2,15,160.0,674.0,0.5616666666666666,0.8647102793466135
144,Gene ontology (biological process),peptide biosynthetic process,GO:0043043,1,16,85.0,749.0,0.5507352941176471,0.8394792259127999
145,Gene ontology (biological process),peptide metabolic process,GO:0006518,1,16,85.0,749.0,0.5507352941176471,0.8394792259127999
146,Gene ontology (biological process),phosphate ion transmembrane transport,GO:0035435,1,16,2.0,832.0,26.0,0.058808053713505844
147,Gene ontology (biological process),phosphate ion transport,GO:0006817,1,16,3.0,831.0,17.3125,0.07767628848576644
148,Gene ontology (biological process),phosphate-containing compound metabolic process,GO:0006796,3,14,122.0,712.0,1.2505854800936769,0.46647211051086035
149,Gene ontology (biological process),phosphorus metabolic process,GO:0006793,3,14,126.0,708.0,1.2040816326530612,0.4888910171478992
150,Gene ontology (biological process),photosynthesis,GO:0015979,2,15,67.0,767.0,1.5263681592039802,0.407274813101887
151,Gene ontology (biological process),"photosynthesis, dark reaction",GO:0019685,1,16,4.0,830.0,12.96875,0.09618809851619162
152,Gene ontology (biological process),"photosynthesis, light reaction",GO:0019684,1,16,25.0,809.0,2.0225,0.4129188574241877
153,Gene ontology (biological process),photosynthetic electron transport chain,GO:0009767,1,16,10.0,824.0,5.15,0.2001206964726606
154,Gene ontology (biological process),photosynthetic electron transport in photosystem II,GO:0009772,1,16,3.0,831.0,17.3125,0.07767628848576644
155,Gene ontology (biological process),pigment biosynthetic process,GO:0046148,1,16,28.0,806.0,1.7991071428571428,0.4485107229165073
156,Gene ontology (biological process),pigment metabolic process,GO:0042440,1,16,31.0,803.0,1.6189516129032258,0.4820644513321066
157,Gene ontology (biological process),polyamine biosynthetic process,GO:0006596,1,16,2.0,832.0,26.0,0.058808053713505844
158,Gene ontology (biological process),polyamine metabolic process,GO:0006595,1,16,2.0,832.0,26.0,0.058808053713505844
159,Gene ontology (biological process),polysaccharide biosynthetic process,GO:0000271,1,16,9.0,825.0,5.729166666666667,0.18361833220074067
160,Gene ontology (biological process),polysaccharide metabolic process,GO:0005976,1,16,10.0,824.0,5.15,0.2001206964726606
161,Gene ontology (biological process),porphyrin-containing compound biosynthetic process,GO:0006779,1,16,22.0,812.0,2.3068181818181817,0.37517322767961403
162,Gene ontology (biological process),porphyrin-containing compound metabolic process,GO:0006778,1,16,25.0,809.0,2.0225,0.4129188574241877
163,Gene ontology (biological process),primary metabolic process,GO:0044238,10,7,524.0,310.0,0.8451472191930207,0.7269156181609526
164,Gene ontology (biological process),protein metabolic process,GO:0019538,2,15,122.0,712.0,0.7781420765027323,0.7348442006161919
165,Gene ontology (biological process),protein modification process,GO:0036211,1,16,25.0,809.0,2.0225,0.4129188574241877
166,Gene ontology (biological process),protein-chromophore linkage,GO:0018298,1,16,7.0,827.0,7.383928571428571,0.14964765412915448
167,Gene ontology (biological process),purine nucleoside bisphosphate biosynthetic process,GO:0034033,1,16,9.0,825.0,5.729166666666667,0.18361833220074067
168,Gene ontology (biological process),purine nucleoside bisphosphate metabolic process,GO:0034032,2,15,9.0,825.0,12.222222222222221,0.01859468948294809
169,Gene ontology (biological process),purine nucleoside metabolic process,GO:0042278,1,16,4.0,830.0,12.96875,0.09618809851619162
170,Gene ontology (biological process),purine nucleotide biosynthetic process,GO:0006164,1,16,39.0,795.0,1.2740384615384615,0.5623945011438912
171,Gene ontology (biological process),purine nucleotide metabolic process,GO:0006163,2,15,46.0,788.0,2.2840579710144926,0.2481768424413736
172,Gene ontology (biological process),purine ribonucleoside bisphosphate metabolic process,GO:0034035,1,16,0.0,834.0,inf,0.019976498237377342
173,Gene ontology (biological process),purine ribonucleoside metabolic process,GO:0046128,1,16,4.0,830.0,12.96875,0.09618809851619162
174,Gene ontology (biological process),purine ribonucleotide biosynthetic process,GO:0009152,1,16,38.0,796.0,1.3092105263157894,0.553036899280765
175,Gene ontology (biological process),purine ribonucleotide metabolic process,GO:0009150,2,15,45.0,789.0,2.3377777777777777,0.2405679276477631
176,Gene ontology (biological process),purine-containing compound biosynthetic process,GO:0072522,1,16,41.0,793.0,1.208841463414634,0.5805592828374364
177,Gene ontology (biological process),purine-containing compound metabolic process,GO:0072521,2,15,48.0,786.0,2.183333333333333,0.2634414110640408
178,Gene ontology (biological process),pyridine nucleotide biosynthetic process,GO:0019363,1,16,6.0,828.0,8.625,0.1321676179985936
179,Gene ontology (biological process),pyridine nucleotide metabolic process,GO:0019362,1,16,7.0,827.0,7.383928571428571,0.14964765412915448
180,Gene ontology (biological process),pyridine-containing compound biosynthetic process,GO:0072525,1,16,9.0,825.0,5.729166666666667,0.18361833220074067
181,Gene ontology (biological process),pyridine-containing compound metabolic process,GO:0072524,1,16,10.0,824.0,5.15,0.2001206964726606
182,Gene ontology (biological process),quinone biosynthetic process,GO:1901663,1,16,5.0,829.0,10.3625,0.11434980339238798
183,Gene ontology (biological process),quinone metabolic process,GO:1901661,1,16,5.0,829.0,10.3625,0.11434980339238798
184,Gene ontology (biological process),regulation of RNA biosynthetic process,GO:2001141,1,16,27.0,807.0,1.8680555555555556,0.4368788150874889
185,Gene ontology (biological process),regulation of RNA metabolic process,GO:0051252,1,16,27.0,807.0,1.8680555555555556,0.4368788150874889
186,Gene ontology (biological process),regulation of biological process,GO:0050789,1,16,67.0,767.0,0.7154850746268657,0.760647848715303
187,Gene ontology (biological process),regulation of biosynthetic process,GO:0009889,1,16,32.0,802.0,1.56640625,0.49281525026684037
188,Gene ontology (biological process),regulation of cellular biosynthetic process,GO:0031326,1,16,32.0,802.0,1.56640625,0.49281525026684037
189,Gene ontology (biological process),regulation of cellular macromolecule biosynthetic process,GO:2000112,1,16,32.0,802.0,1.56640625,0.49281525026684037
190,Gene ontology (biological process),regulation of cellular metabolic process,GO:0031323,1,16,37.0,797.0,1.3462837837837838,0.5434912049187993
191,Gene ontology (biological process),regulation of cellular process,GO:0050794,1,16,48.0,786.0,1.0234375,0.6387033710540031
192,Gene ontology (biological process),regulation of gene expression,GO:0010468,1,16,33.0,801.0,1.5170454545454546,0.5033557646253617
193,Gene ontology (biological process),regulation of macromolecule biosynthetic process,GO:0010556,1,16,32.0,802.0,1.56640625,0.49281525026684037
194,Gene ontology (biological process),regulation of macromolecule metabolic process,GO:0060255,1,16,35.0,799.0,1.4267857142857143,0.5238213165528184
195,Gene ontology (biological process),regulation of metabolic process,GO:0019222,1,16,39.0,795.0,1.2740384615384615,0.5623945011438912
196,Gene ontology (biological process),regulation of nitrogen compound metabolic process,GO:0051171,1,16,32.0,802.0,1.56640625,0.49281525026684037
197,Gene ontology (biological process),regulation of nucleic acid-templated transcription,GO:1903506,1,16,27.0,807.0,1.8680555555555556,0.4368788150874889
198,Gene ontology (biological process),regulation of nucleobase-containing compound metabolic process,GO:0019219,1,16,28.0,806.0,1.7991071428571428,0.4485107229165073
199,Gene ontology (biological process),regulation of primary metabolic process,GO:0080090,1,16,32.0,802.0,1.56640625,0.49281525026684037
200,Gene ontology (biological process),"regulation of transcription, DNA-templated",GO:0006355,1,16,27.0,807.0,1.8680555555555556,0.4368788150874889
201,Gene ontology (biological process),response to stimulus,GO:0050896,1,16,55.0,779.0,0.8852272727272728,0.6891983562111965
202,Gene ontology (biological process),response to stress,GO:0006950,1,16,39.0,795.0,1.2740384615384615,0.5623945011438912
203,Gene ontology (biological process),ribonucleoside bisphosphate biosynthetic process,GO:0034030,1,16,9.0,825.0,5.729166666666667,0.18361833220074067
204,Gene ontology (biological process),ribonucleoside bisphosphate metabolic process,GO:0033875,2,15,9.0,825.0,12.222222222222221,0.01859468948294809
205,Gene ontology (biological process),ribonucleoside metabolic process,GO:0009119,1,16,10.0,824.0,5.15,0.2001206964726606
206,Gene ontology (biological process),ribonucleotide biosynthetic process,GO:0009260,1,16,48.0,786.0,1.0234375,0.6387033710540031
207,Gene ontology (biological process),ribonucleotide metabolic process,GO:0009259,2,15,55.0,779.0,1.8884848484848484,0.31701827459348925
208,Gene ontology (biological process),ribose phosphate biosynthetic process,GO:0046390,1,16,49.0,785.0,1.0012755102040816,0.6463617784009277
209,Gene ontology (biological process),ribose phosphate metabolic process,GO:0019693,2,15,56.0,778.0,1.8523809523809525,0.324652051006879
210,Gene ontology (biological process),serine family amino acid biosynthetic process,GO:0009070,1,16,5.0,829.0,10.3625,0.11434980339238798
211,Gene ontology (biological process),serine family amino acid metabolic process,GO:0009069,1,16,12.0,822.0,4.28125,0.23218805251159402
212,Gene ontology (biological process),small molecule biosynthetic process,GO:0044283,2,15,146.0,688.0,0.628310502283105,0.8249289418671292
213,Gene ontology (biological process),small molecule catabolic process,GO:0044282,1,16,17.0,817.0,3.0036764705882355,0.30714419989337316
214,Gene ontology (biological process),small molecule metabolic process,GO:0044281,6,11,283.0,551.0,1.0619980725987792,0.5452631337411559
215,Gene ontology (biological process),spermidine biosynthetic process,GO:0008295,1,16,2.0,832.0,26.0,0.058808053713505844
216,Gene ontology (biological process),spermidine metabolic process,GO:0008216,1,16,2.0,832.0,26.0,0.058808053713505844
217,Gene ontology (biological process),sulfate assimilation,GO:0000103,1,16,2.0,832.0,26.0,0.058808053713505844
218,Gene ontology (biological process),"sulfate assimilation, phosphoadenylyl sulfate reduction by phosphoadenylyl-sulfate reductase (thioredoxin)",GO:0019379,1,16,0.0,834.0,inf,0.019976498237377342
219,Gene ontology (biological process),sulfate reduction,GO:0019419,1,16,0.0,834.0,inf,0.019976498237377342
220,Gene ontology (biological process),sulfur amino acid biosynthetic process,GO:0000097,1,16,12.0,822.0,4.28125,0.23218805251159402
221,Gene ontology (biological process),sulfur amino acid metabolic process,GO:0000096,1,16,17.0,817.0,3.0036764705882355,0.30714419989337316
222,Gene ontology (biological process),sulfur compound biosynthetic process,GO:0044272,2,15,29.0,805.0,3.7011494252873565,0.12441959485497266
223,Gene ontology (biological process),sulfur compound metabolic process,GO:0006790,2,15,38.0,796.0,2.7929824561403507,0.1880904266502483
224,Gene ontology (biological process),tetrapyrrole biosynthetic process,GO:0033014,1,16,45.0,789.0,1.0958333333333334,0.6147808328640981
225,Gene ontology (biological process),tetrapyrrole metabolic process,GO:0033013,1,16,48.0,786.0,1.0234375,0.6387033710540031
226,Gene ontology (biological process),"transcription, DNA-templated",GO:0006351,1,16,43.0,791.0,1.1497093023255813,0.5980126654316459
227,Gene ontology (biological process),transcription-coupled nucleotide-excision repair,GO:0006283,1,16,0.0,834.0,inf,0.019976498237377342
228,Gene ontology (biological process),"transcription-coupled nucleotide-excision repair, DNA damage recognition",GO:0000716,1,16,0.0,834.0,inf,0.019976498237377342
229,Gene ontology (biological process),translation,GO:0006412,1,16,84.0,750.0,0.5580357142857143,0.8358358972612676
230,Gene ontology (biological process),transmembrane transport,GO:0055085,2,15,42.0,792.0,2.5142857142857142,0.21787799254056706
231,Gene ontology (biological process),transport,GO:0006810,3,14,71.0,763.0,2.3028169014084505,0.1778665379442066
232,Gene ontology (biological process),ubiquinone biosynthetic process,GO:0006744,1,16,0.0,834.0,inf,0.019976498237377342
233,Gene ontology (biological process),ubiquinone metabolic process,GO:0006743,1,16,0.0,834.0,inf,0.019976498237377342
